timestamp,strategi,mode,aksi,market,condition_id,outcome,harga,size_usd,skor,edge_pct,keterangan,end_date,resolved,menang,pnl
2026-07-16T06:52:21.360064+00:00,scanner,paper,discovery,Will Argentina win the 2026 FIFA World Cup?,0x0c4cd2055d6ea89354ffddc55d6dbcef9355748112ea952fc925f3db6a5c457f,,,,,,"sports vol $151,905,966",,,,
2026-07-16T06:52:21.568971+00:00,scanner,paper,discovery,Will Spain win the 2026 FIFA World Cup?,0x7976b8dbacf9077eb1453a62bcefd6ab2df199acd28aad276ff0d920d6992892,,,,,,"sports vol $120,709,097",,,,
2026-07-16T06:52:21.783480+00:00,scanner,paper,discovery,Will LeBron James win the 2028 US Presidential Election?,0x836b850fc838195374862551a36f1c8691d96ff01e58b0a071f0fc1a0e357fb1,,,,,,"politics vol $54,156,186",,,,
2026-07-16T06:52:21.915246+00:00,scanner,paper,discovery,Will Oprah Winfrey win the 2028 Democratic presidential nomi,0xe06a7e94cf2fa8dc2085b7610fe16e9be1cde6654f34d365c13da1149b276c61,,,,,,"politics vol $54,077,301",,,,
2026-07-16T06:52:22.040068+00:00,scanner,paper,discovery,Will Bernie Sanders win the 2028 Democratic presidential nom,0x30cfb887558b20373a984da60c372fe5a90c0296aa6d8bb413a8aa7543846da2,,,,,,"politics vol $51,336,691",,,,
2026-07-16T06:52:22.169131+00:00,scanner,paper,discovery,Will Chelsea Clinton win the 2028 Democratic presidential no,0xf2e51acfbb6d0414dc2ace81b7dc2af7c165e443dcb91f6caa7aab6d6ab4f06d,,,,,,"politics vol $49,920,349",,,,
2026-07-16T06:52:22.296111+00:00,scanner,paper,discovery,Will Andrew Yang win the 2028 Democratic presidential nomina,0x450810ae738a0ff820d3248f2b24937f63fb8c8cf422ed2a915125adb4d9d3c8,,,,,,"politics vol $48,048,600",,,,
2026-07-16T06:52:22.441619+00:00,scanner,paper,discovery,Will LeBron James win the 2028 Democratic presidential nomin,0x8b203037c7c0e21b500314f8398d2a8ea294b7ce1f4f9185f426425a3505bc45,,,,,,"politics vol $43,580,341",,,,
2026-07-16T06:52:22.557802+00:00,scanner,paper,discovery,Will Hunter Biden win the 2028 Democratic presidential nomin,0x1945a8b23e313ed7423b6b6fd556f9ab5578900376b565a61dc480a5f4f35d21,,,,,,"politics vol $43,548,319",,,,
2026-07-16T06:52:22.677678+00:00,scanner,paper,discovery,Will Tim Walz win the 2028 US Presidential Election?,0xae70ab9bf1c3726fe430a2ba8b517697ae24e0f0ab554b876a5b521153068882,,,,,,"politics vol $43,442,855",,,,
2026-07-16T06:52:22.824543+00:00,scanner,paper,discovery,Will bitcoin hit $1m before GTA VI?,0xbb57ccf5853a85487bc3d83d04d669310d28c6c810758953b9d9b91d1aee89d2,,,,,,"crypto vol $4,666,213",,,,
2026-07-16T06:52:30.991963+00:00,copytrade,paper,ikut,Spread: St. Louis Cardinals (-1.5),0x983aafe2560d2e3987a2ecbeb022c364160c03ead3543d607e0aa2313006d2aa,St. Louis Cardinals,0.275,2.5,4.44,,1 trader · dry_run [agresif],2026-06-25,,,
2026-07-16T06:52:31.569651+00:00,copytrade,paper,ikut,Arizona Diamondbacks vs. St. Louis Cardinals: O/U 9.5,0x818b94bd5608c4864382c837ea850b6d3aabf21d8a9136062456f041f51cebbc,Under,0.675,2.5,4.44,,1 trader · dry_run [agresif],2026-06-25,,,
2026-07-16T06:52:32.162730+00:00,copytrade,paper,ikut,Spread: Cleveland Guardians (-1.5),0xe19ddd7a87ad62801fdd2387d8c1056a7521e11110af4fc009b9189924a01760,Cleveland Guardians,0.3449,2.5,4.44,,1 trader · dry_run [agresif],2026-06-14,,,
2026-07-16T06:52:32.773661+00:00,copytrade,paper,ikut,Atlanta Braves vs. Chicago White Sox: O/U 5.5,0x82ef68a94569a1879767a8e02c2f9f1d58e4b09e8aec7a4ce99844b00949e9c5,Over,0.635,2.5,4.44,,1 trader · dry_run [agresif],2026-06-11,,,
2026-07-16T06:52:33.370026+00:00,copytrade,paper,ikut,Club Tijuana vs. Tigres de la UANL: O/U 2.5,0x1cc93564be737e01daee004d3fb965ff837ae2b7e7357fbbcd9633aa5c5588c6,Over,0.505,2.5,4.44,,1 trader · dry_run [agresif],2026-07-17,,,
2026-07-16T06:52:33.963284+00:00,copytrade,paper,ikut,Will CR Vasco da Gama win on 2026-07-16?,0xab94263fcab12ae176da88fcda4422a55930b7a9c3b51269e396d95cce0e75b1,Yes,0.295,2.5,4.44,,1 trader · dry_run [agresif],2026-07-16,,,
2026-07-16T06:52:34.584571+00:00,copytrade,paper,ikut,CF Montréal vs. Toronto FC: O/U 1.5,0x5c1c83822e71172befdc7b7c85d502cce9d61be0662ce4524c3308acf20c95e6,Under,0.165,2.5,4.44,,1 trader · dry_run [agresif],2026-07-16,,,
2026-07-16T06:52:35.175712+00:00,copytrade,paper,ikut,EC Vitória vs. CR Vasco da Gama: Both Teams to Score,0x15a9a17a59632f1a227b9bce87dde0046eeb1830745e5122095950f33bbe1deb,No,0.465,2.5,4.44,,1 trader · dry_run [agresif],2026-07-16,,,
2026-07-16T06:52:35.776627+00:00,copytrade,paper,ikut,Detroit Tigers vs. Cleveland Guardians: O/U 4.5,0x6f08f5499b2441a8d525961988d5f1fe65b318cc52e34eb8dd72f9d09c6a8d70,Over,0.711,2.5,4.44,,1 trader · dry_run [agresif],2026-06-14,,,
2026-07-16T06:52:36.358129+00:00,copytrade,paper,ikut,EC Vitória vs. CR Vasco da Gama: Both Teams to Score,0x15a9a17a59632f1a227b9bce87dde0046eeb1830745e5122095950f33bbe1deb,Yes,0.535,2.5,4.44,,1 trader · dry_run [agresif],2026-07-16,,,
2026-07-16T07:48:59.060440+00:00,scanner,paper,discovery,Will Argentina win the 2026 FIFA World Cup?,0x0c4cd2055d6ea89354ffddc55d6dbcef9355748112ea952fc925f3db6a5c457f,,,,,,"sports vol $151,970,479",,,,
2026-07-16T07:48:59.230103+00:00,scanner,paper,discovery,Will Spain win the 2026 FIFA World Cup?,0x7976b8dbacf9077eb1453a62bcefd6ab2df199acd28aad276ff0d920d6992892,,,,,,"sports vol $120,774,789",,,,
2026-07-16T07:48:59.381954+00:00,scanner,paper,discovery,Will LeBron James win the 2028 US Presidential Election?,0x836b850fc838195374862551a36f1c8691d96ff01e58b0a071f0fc1a0e357fb1,,,,,,"politics vol $54,296,192",,,,
2026-07-16T07:48:59.553096+00:00,scanner,paper,discovery,Will Oprah Winfrey win the 2028 Democratic presidential nomi,0xe06a7e94cf2fa8dc2085b7610fe16e9be1cde6654f34d365c13da1149b276c61,,,,,,"politics vol $54,077,352",,,,
2026-07-16T07:48:59.694611+00:00,scanner,paper,discovery,Will Bernie Sanders win the 2028 Democratic presidential nom,0x30cfb887558b20373a984da60c372fe5a90c0296aa6d8bb413a8aa7543846da2,,,,,,"politics vol $51,338,603",,,,
2026-07-16T07:48:59.833302+00:00,scanner,paper,discovery,Will Chelsea Clinton win the 2028 Democratic presidential no,0xf2e51acfbb6d0414dc2ace81b7dc2af7c165e443dcb91f6caa7aab6d6ab4f06d,,,,,,"politics vol $49,920,894",,,,
2026-07-16T07:48:59.986485+00:00,scanner,paper,discovery,Will Andrew Yang win the 2028 Democratic presidential nomina,0x450810ae738a0ff820d3248f2b24937f63fb8c8cf422ed2a915125adb4d9d3c8,,,,,,"politics vol $48,049,030",,,,
2026-07-16T07:49:00.166420+00:00,scanner,paper,discovery,Will LeBron James win the 2028 Democratic presidential nomin,0x8b203037c7c0e21b500314f8398d2a8ea294b7ce1f4f9185f426425a3505bc45,,,,,,"politics vol $43,581,772",,,,
2026-07-16T07:49:00.308610+00:00,scanner,paper,discovery,Will Hunter Biden win the 2028 Democratic presidential nomin,0x1945a8b23e313ed7423b6b6fd556f9ab5578900376b565a61dc480a5f4f35d21,,,,,,"politics vol $43,549,018",,,,
2026-07-16T07:49:00.468748+00:00,scanner,paper,discovery,Will Tim Walz win the 2028 US Presidential Election?,0xae70ab9bf1c3726fe430a2ba8b517697ae24e0f0ab554b876a5b521153068882,,,,,,"politics vol $43,443,319",,,,
2026-07-16T07:49:00.595208+00:00,scanner,paper,discovery,Will bitcoin hit $1m before GTA VI?,0xbb57ccf5853a85487bc3d83d04d669310d28c6c810758953b9d9b91d1aee89d2,,,,,,"crypto vol $4,666,333",,,,
2026-07-16T07:49:08.425012+00:00,copytrade,paper,skip_harga,Will Lionel Messi win the Golden Ball at the 2026 FIFA World,0x7d3e5102bd59f05398b0737a4680758ec730885e6a0384725d327b38bd94eb22,Yes,0.9005,,,,harga 0.9005 > maxprice 0.85 (favorit),2026-07-20,,,
2026-07-16T07:49:08.573892+00:00,copytrade,paper,skip_harga,Will Collin Morikawa win the 2026 The Open Championship?,0xe27079847922c5a02b329348e34d0411ee335d11bba4669653179bdf0dfffeac,No,0.97,,,,harga 0.97 > maxprice 0.85 (favorit),2026-07-19,,,
2026-07-16T07:49:08.706669+00:00,copytrade,paper,ikut,Will Argentina win on 2026-07-19?,0x0c9ea0b1503b95b499975674aefdbd6c235f68885f2a812e97ca96016b207e43,Yes,0.265,2.5,3.46,,1 trader · dry_run [agresif],2026-07-19,,,
2026-07-16T07:49:09.295206+00:00,copytrade,paper,skip_harga,Will Sam Burns win the 2026 The Open Championship?,0x93713a0be2f81f11323d61ead2f681283f7a761524ecf2e46c87048b85397a68,No,0.9815,,,,harga 0.9815 > maxprice 0.85 (favorit),2026-07-19,,,
2026-07-16T07:49:09.459766+00:00,copytrade,paper,ikut,Swiss Open: Jerome Kym vs Stefanos Tsitsipas,0x344a058d25dfdd47bb00300bed22419673c6ca8409a546504118032f57353783,Stefanos Tsitsipas,0.6235,2.5,4.44,,1 trader · dry_run [agresif],2026-07-22,,,
2026-07-16T07:49:09.962339+00:00,copytrade,paper,ikut,Swiss Open: Jerome Kym vs Stefanos Tsitsipas,0x344a058d25dfdd47bb00300bed22419673c6ca8409a546504118032f57353783,Jerome Kym,0.3765,2.5,4.44,,1 trader · dry_run [agresif],2026-07-22,,,
2026-07-16T07:49:10.465709+00:00,copytrade,paper,ikut,Swedish Open: Alejandro Tabilo vs Lautaro Midon,0x9c712a005ed476ee44ee1065daf053f6c9fe2d89c263394805b16736b2b72103,Alejandro Tabilo,0.745,2.5,4.44,,1 trader · dry_run [agresif],2026-07-22,,,
2026-07-16T07:49:10.966565+00:00,copytrade,paper,ikut,Swiss Open: Juan Manuel Cerundolo vs Miomir Kecmanovic,0x0e7c959150b4e768b1b474679509e7e5751f1cc2da09f9266b9c91a4af2911c7,Miomir Kecmanovic,0.445,2.5,4.44,,1 trader · dry_run [agresif],2026-07-22,,,
2026-07-16T07:49:11.444870+00:00,copytrade,paper,skip_harga,FK Bodø/Glimt vs. Fredrikstad FK: O/U 0.5,0x107674e1d03ff5f875486725e057c91608bcd1015babd72398edfb52ef7a0082,Over,0.977,,,,harga 0.977 > maxprice 0.85 (favorit),2026-07-17,,,
2026-07-16T07:49:11.576479+00:00,copytrade,paper,ikut,Shanghai Haigang FC vs. Dalian Yingbo FC: Dalian Yingbo FC O,0x11e3e3fab6e2b24be16f399fbfd24a41fda94e2a2bfbdef31c724e1c56ac864e,Over,0.385,2.5,4.44,,1 trader · dry_run [agresif],2026-07-12,,,
2026-07-16T07:49:12.071785+00:00,copytrade,paper,ikut,Spread: Santos FC (-1.5),0x4bc81bb53a17ce9e4b1272e1509f95887e820db06c4d90fba346e3e170238bd2,Santos FC,0.105,2.5,4.44,,1 trader · dry_run [agresif],2026-07-16,,,
2026-07-16T07:49:12.542701+00:00,copytrade,paper,ikut,Yunnan Yukun FC vs. Shanghai Haigang FC: O/U 1.5,0x3de054984f5658877fddef18533edc6d85bab410da273625fe0b48ada508f885,Under,0.13,2.5,4.44,,1 trader · dry_run [agresif],2026-07-17,,,
2026-07-16T07:49:13.029817+00:00,copytrade,paper,ikut,Spread: St. Louis City SC (-1.5),0xd85005d92c249ed062f9d97a911279d49a6d1ab814a5ead58ec4f3cbd790e298,St. Louis City SC,0.445,2.5,4.44,,1 trader · dry_run [agresif],2026-07-17,,,
2026-07-16T07:49:13.491244+00:00,copytrade,paper,skip_harga,KBO: Hanwha Eagles vs. LG Twins,0xda7d05262b576bc81ac8efb3b85017c4c2806243f61cb29b4177ba5830f7bb73,LG Twins,0.8835,,,,harga 0.8835 > maxprice 0.85 (favorit),2026-07-12,,,
2026-07-16T07:49:13.635849+00:00,copytrade,paper,ikut,Will St. Louis City SC win on 2026-07-16?,0x78affd402fac690a338577d70f50ba2c25200ed14953dd96cbe16d919c38d190,Yes,0.685,2.5,4.44,,1 trader · dry_run [agresif],2026-07-17,,,
2026-07-16T07:49:14.131894+00:00,copytrade,paper,ikut,Iasi Open: Alevtina Ibragimova vs Paula Badosa,0x1d88092b2e151927cc5fc6a02ae3f84fb0551d2b44c6c5c961bd530d53638f9a,Paula Badosa,0.845,2.5,4.44,,1 trader · dry_run [agresif],2026-07-23,,,
2026-07-16T07:49:14.653573+00:00,copytrade,paper,ikut,Cordenons: Stefano Napolitano vs Alex Barrena,0xc262470a5e7ae3872a3bac980c0672b3bc99dd72bca7a9d2a95d8e7b48edef19,Alex Barrena,0.465,2.5,4.44,,1 trader · dry_run [agresif],2026-07-22,,,
2026-07-16T07:49:15.152601+00:00,copytrade,paper,ikut,Will Los Angeles Galaxy win on 2026-07-17?,0x670906a1a54af5f3450c6514c996371d940dbe1392b0674635a7feebbd6fd3b6,No,0.675,2.5,4.44,,1 trader · dry_run [agresif],2026-07-18,,,
2026-07-16T07:49:15.659167+00:00,copytrade,paper,ikut,KBO: KT Wiz vs. Samsung Lions,0x97954cb222b1b873fb98e88bce8f9f9544dd45c253ea99474ab4a2d1bd4a42b9,KT Wiz,0.6,2.5,4.44,,1 trader · dry_run [agresif],2026-05-27,,,
2026-07-16T07:49:16.144516+00:00,copytrade,paper,ikut,Shanghai Haigang FC vs. Dalian Yingbo FC: O/U 1.5,0x7453466521ed6a2ef40639e620f9c681d502ea0eb8b04600350dd22162330f6a,Over,0.61,2.5,4.44,,1 trader · dry_run [agresif],2026-07-12,,,
2026-07-16T07:49:16.633252+00:00,copytrade,paper,ikut,Spread: Philadelphia Phillies (-1.5),0xbf6ac151502bfc93aad13860a8d37037e2fa51db05b093a07389996d2e0d70e7,Philadelphia Phillies,0.385,2.5,4.44,,1 trader · dry_run [agresif],2026-07-16,,,
2026-07-16T07:49:17.146528+00:00,copytrade,paper,ikut,Shanghai Haigang FC vs. Dalian Yingbo FC: O/U 2.5,0x2f4e35f5779045bb3edab874ebcbe28974ffb8ec6338462c59f3afaaca93c4e7,Over,0.335,2.5,4.44,,1 trader · dry_run [agresif],2026-07-12,,,
2026-07-16T07:49:17.621642+00:00,copytrade,paper,skip_harga,Spread: Fredrikstad FK (-2.5),0xeb1d921d9f8bc399d485cbb5439d3d5b6a299f5dacd61dc513849198a275c79c,FK Bodø/Glimt,0.994,,,,harga 0.994 > maxprice 0.85 (favorit),2026-07-17,,,
2026-07-16T07:49:17.749167+00:00,copytrade,paper,ikut,Detroit Tigers vs. Cleveland Guardians: O/U 10.5,0x8f9f849264850e9ef28351b19c67edad33e8762267bd2e12acf7f9da2a4fec34,Under,0.675,2.5,4.44,,1 trader · dry_run [agresif],2026-06-14,,,
2026-07-16T07:49:18.259145+00:00,copytrade,paper,ikut,Will Beijing Guoan FC win on 2026-07-17?,0x06cd2c645d1a543bf5065bbf5061042034dca96e23513d5649c4947a8e449c96,No,0.315,2.5,4.44,,1 trader · dry_run [agresif],2026-07-17,,,
2026-07-16T07:49:18.732935+00:00,copytrade,paper,ikut,Will EC Vitória win on 2026-07-16?,0xe67ac3f72ace8ea7af5c9fb9cef47946ea9748ab8e2948954240254c574be4dc,No,0.595,2.5,4.44,,1 trader · dry_run [agresif],2026-07-16,,,
2026-07-16T07:49:19.220168+00:00,copytrade,paper,ikut,Will Vancouver Whitecaps FC win on 2026-07-16?,0xd73b81755d573d5abb591ab049ef6a5c535833296e8b1d3573558b6d12d686fe,No,0.595,2.5,4.44,,1 trader · dry_run [agresif],2026-07-17,,,
2026-07-16T07:49:19.714317+00:00,copytrade,paper,ikut,Spread: Cincinnati Reds (-1.5),0xba9d86bef409265b49494e1803a3e760e0adc5dcba30526365a02ca086af4a78,Cincinnati Reds,0.365,2.5,4.44,,1 trader · dry_run [agresif],2026-05-24,,,
2026-07-16T07:49:20.192854+00:00,copytrade,paper,skip_harga,Will Qingdao Hainiu FC win on 2026-07-17?,0x12eb24a777846b11640ed9dcddc1f27d59f6bbdc1b224c24689df2e85cfd0c50,No,0.875,,,,harga 0.875 > maxprice 0.85 (favorit),2026-07-17,,,
2026-07-16T07:49:20.319319+00:00,copytrade,paper,ikut,Vålerenga Fotball vs. Aalesunds FK: O/U 2.5,0x4bd215e4d3bfecdd99b8a9a206f709779dcdf9b623b766c78e4cc031aa6bb45f,Under,0.35,2.5,4.44,,1 trader · dry_run [agresif],2026-07-16,,,
2026-07-16T07:49:20.833556+00:00,copytrade,paper,ikut,Toronto Blue Jays vs. Chicago Cubs: O/U 4.5,0xf0681ed8d200cf0fce0d3b41d1fb7f62ed24224a445472a51295b73a26236ace,Over,0.825,2.5,4.44,,1 trader · dry_run [agresif],2026-06-21,,,
2026-07-16T07:49:21.331448+00:00,copytrade,paper,ikut,Iasi Open: Mayar Sherif vs Kaitlin Quevedo,0x83f9ab24ff23549fdb4a0e3559eb3d6f831ec4754a673d373c02e1e1e412de33,Mayar Sherif,0.615,2.5,4.44,,1 trader · dry_run [agresif],2026-07-23,,,
2026-07-16T13:05:57.884648+00:00,scanner,paper,discovery,Will Argentina win the 2026 FIFA World Cup?,0x0c4cd2055d6ea89354ffddc55d6dbcef9355748112ea952fc925f3db6a5c457f,,,,,,"sports vol $152,511,792",,,,
2026-07-16T13:05:59.041953+00:00,scanner,paper,discovery,Will Spain win the 2026 FIFA World Cup?,0x7976b8dbacf9077eb1453a62bcefd6ab2df199acd28aad276ff0d920d6992892,,,,,,"sports vol $121,038,628",,,,
2026-07-16T13:05:59.238327+00:00,scanner,paper,discovery,Will LeBron James win the 2028 US Presidential Election?,0x836b850fc838195374862551a36f1c8691d96ff01e58b0a071f0fc1a0e357fb1,,,,,,"politics vol $54,304,713",,,,
2026-07-16T13:05:59.436058+00:00,scanner,paper,discovery,Will Oprah Winfrey win the 2028 Democratic presidential nomi,0xe06a7e94cf2fa8dc2085b7610fe16e9be1cde6654f34d365c13da1149b276c61,,,,,,"politics vol $54,080,387",,,,
2026-07-16T13:05:59.625263+00:00,scanner,paper,discovery,Will Bernie Sanders win the 2028 Democratic presidential nom,0x30cfb887558b20373a984da60c372fe5a90c0296aa6d8bb413a8aa7543846da2,,,,,,"politics vol $51,351,424",,,,
2026-07-16T13:05:59.810381+00:00,scanner,paper,discovery,Will Chelsea Clinton win the 2028 Democratic presidential no,0xf2e51acfbb6d0414dc2ace81b7dc2af7c165e443dcb91f6caa7aab6d6ab4f06d,,,,,,"politics vol $49,923,763",,,,
2026-07-16T13:06:00.021572+00:00,scanner,paper,discovery,Will Andrew Yang win the 2028 Democratic presidential nomina,0x450810ae738a0ff820d3248f2b24937f63fb8c8cf422ed2a915125adb4d9d3c8,,,,,,"politics vol $48,051,001",,,,
2026-07-16T13:06:00.208159+00:00,scanner,paper,discovery,Will LeBron James win the 2028 Democratic presidential nomin,0x8b203037c7c0e21b500314f8398d2a8ea294b7ce1f4f9185f426425a3505bc45,,,,,,"politics vol $43,586,333",,,,
2026-07-16T13:06:00.430564+00:00,scanner,paper,discovery,Will Hunter Biden win the 2028 Democratic presidential nomin,0x1945a8b23e313ed7423b6b6fd556f9ab5578900376b565a61dc480a5f4f35d21,,,,,,"politics vol $43,556,048",,,,
2026-07-16T13:06:00.610531+00:00,scanner,paper,discovery,Will Tim Walz win the 2028 US Presidential Election?,0xae70ab9bf1c3726fe430a2ba8b517697ae24e0f0ab554b876a5b521153068882,,,,,,"politics vol $43,448,256",,,,
2026-07-16T13:06:00.809633+00:00,scanner,paper,discovery,Will bitcoin hit $1m before GTA VI?,0xbb57ccf5853a85487bc3d83d04d669310d28c6c810758953b9d9b91d1aee89d2,,,,,,"crypto vol $4,666,422",,,,
2026-07-16T13:06:09.801992+00:00,copytrade,paper,ikut,Will Spain win the 2026 FIFA World Cup?,0x7976b8dbacf9077eb1453a62bcefd6ab2df199acd28aad276ff0d920d6992892,Yes,0.5795,2.5,3.33,,2 trader · dry_run [agresif],2026-07-20,,,
2026-07-16T13:06:10.413096+00:00,copytrade,paper,ikut,Will Argentina win the 2026 FIFA World Cup?,0x0c4cd2055d6ea89354ffddc55d6dbcef9355748112ea952fc925f3db6a5c457f,Yes,0.4165,2.5,0.0,,1 trader · dry_run [agresif],2026-07-20,,,
2026-07-16T13:06:14.317580+00:00,copytrade,paper,hasil,Swiss Open: Juan Manuel Cerundolo vs Miomir Kecmanovic,0x0e7c959150b4e768b1b474679509e7e5751f1cc2da09f9266b9c91a4af2911c7,Miomir Kecmanovic,0.445,2.5,4.44,,KALAH,,true,false,-2.5
2026-07-16T13:06:15.961139+00:00,copytrade,paper,hasil,Cordenons: Stefano Napolitano vs Alex Barrena,0xc262470a5e7ae3872a3bac980c0672b3bc99dd72bca7a9d2a95d8e7b48edef19,Alex Barrena,0.465,2.5,4.44,,KALAH,,true,false,-2.5
2026-07-16T13:06:18.829436+00:00,copytrade,paper,hasil,Iasi Open: Mayar Sherif vs Kaitlin Quevedo,0x83f9ab24ff23549fdb4a0e3559eb3d6f831ec4754a673d373c02e1e1e412de33,Mayar Sherif,0.615,2.5,4.44,,MENANG,,true,true,1.57
2026-07-16T17:49:11.514359+00:00,scanner,paper,discovery,Will Argentina win the 2026 FIFA World Cup?,0x0c4cd2055d6ea89354ffddc55d6dbcef9355748112ea952fc925f3db6a5c457f,,,,,,"sports vol $152,917,042",,,,
2026-07-16T17:49:12.641393+00:00,scanner,paper,discovery,Will Spain win the 2026 FIFA World Cup?,0x7976b8dbacf9077eb1453a62bcefd6ab2df199acd28aad276ff0d920d6992892,,,,,,"sports vol $121,569,239",,,,
2026-07-16T17:49:12.808062+00:00,scanner,paper,discovery,Will LeBron James win the 2028 US Presidential Election?,0x836b850fc838195374862551a36f1c8691d96ff01e58b0a071f0fc1a0e357fb1,,,,,,"politics vol $54,313,817",,,,
2026-07-16T17:49:12.978126+00:00,scanner,paper,discovery,Will Oprah Winfrey win the 2028 Democratic presidential nomi,0xe06a7e94cf2fa8dc2085b7610fe16e9be1cde6654f34d365c13da1149b276c61,,,,,,"politics vol $54,082,490",,,,
2026-07-16T17:49:13.171994+00:00,scanner,paper,discovery,Will Bernie Sanders win the 2028 Democratic presidential nom,0x30cfb887558b20373a984da60c372fe5a90c0296aa6d8bb413a8aa7543846da2,,,,,,"politics vol $51,369,390",,,,
2026-07-16T17:49:13.517659+00:00,scanner,paper,discovery,Will Chelsea Clinton win the 2028 Democratic presidential no,0xf2e51acfbb6d0414dc2ace81b7dc2af7c165e443dcb91f6caa7aab6d6ab4f06d,,,,,,"politics vol $49,926,263",,,,
2026-07-16T17:49:13.681078+00:00,scanner,paper,discovery,Will Andrew Yang win the 2028 Democratic presidential nomina,0x450810ae738a0ff820d3248f2b24937f63fb8c8cf422ed2a915125adb4d9d3c8,,,,,,"politics vol $48,053,438",,,,
2026-07-16T17:49:13.880439+00:00,scanner,paper,discovery,Will LeBron James win the 2028 Democratic presidential nomin,0x8b203037c7c0e21b500314f8398d2a8ea294b7ce1f4f9185f426425a3505bc45,,,,,,"politics vol $43,589,565",,,,
2026-07-16T17:49:14.053789+00:00,scanner,paper,discovery,Will Hunter Biden win the 2028 Democratic presidential nomin,0x1945a8b23e313ed7423b6b6fd556f9ab5578900376b565a61dc480a5f4f35d21,,,,,,"politics vol $43,559,572",,,,
2026-07-16T17:49:14.240172+00:00,scanner,paper,discovery,Will Tim Walz win the 2028 US Presidential Election?,0xae70ab9bf1c3726fe430a2ba8b517697ae24e0f0ab554b876a5b521153068882,,,,,,"politics vol $43,452,446",,,,
2026-07-16T17:49:14.402669+00:00,scanner,paper,discovery,Will bitcoin hit $1m before GTA VI?,0xbb57ccf5853a85487bc3d83d04d669310d28c6c810758953b9d9b91d1aee89d2,,,,,,"crypto vol $4,666,961",,,,
2026-07-16T17:49:22.911082+00:00,copytrade,paper,ikut,Spain vs. Argentina: Team to Advance,0x4b045e092c3166aa29d4864c11dffe7e316daafdac5677f11aa5cd16065fd042,Spain,0.585,2.5,2.34,,1 trader · dry_run [agresif],2026-07-19,,,
2026-07-16T17:49:26.145593+00:00,copytrade,paper,hasil,Swiss Open: Jerome Kym vs Stefanos Tsitsipas,0x344a058d25dfdd47bb00300bed22419673c6ca8409a546504118032f57353783,Stefanos Tsitsipas,0.6235,2.5,4.44,,MENANG,,true,true,1.51
2026-07-16T17:49:26.541267+00:00,copytrade,paper,hasil,Swiss Open: Jerome Kym vs Stefanos Tsitsipas,0x344a058d25dfdd47bb00300bed22419673c6ca8409a546504118032f57353783,Jerome Kym,0.3765,2.5,4.44,,KALAH,,true,false,-2.5
2026-07-16T20:39:46.300785+00:00,scanner,paper,discovery,Will Argentina win the 2026 FIFA World Cup?,0x0c4cd2055d6ea89354ffddc55d6dbcef9355748112ea952fc925f3db6a5c457f,,,,,,"sports vol $153,199,034",,,,
2026-07-16T20:39:47.236739+00:00,scanner,paper,discovery,Will Spain win the 2026 FIFA World Cup?,0x7976b8dbacf9077eb1453a62bcefd6ab2df199acd28aad276ff0d920d6992892,,,,,,"sports vol $121,637,749",,,,
2026-07-16T20:39:47.410015+00:00,scanner,paper,discovery,Will LeBron James win the 2028 US Presidential Election?,0x836b850fc838195374862551a36f1c8691d96ff01e58b0a071f0fc1a0e357fb1,,,,,,"politics vol $54,318,858",,,,
2026-07-16T20:39:47.605466+00:00,scanner,paper,discovery,Will Oprah Winfrey win the 2028 Democratic presidential nomi,0xe06a7e94cf2fa8dc2085b7610fe16e9be1cde6654f34d365c13da1149b276c61,,,,,,"politics vol $54,087,302",,,,
2026-07-16T20:39:47.786913+00:00,scanner,paper,discovery,Will Bernie Sanders win the 2028 Democratic presidential nom,0x30cfb887558b20373a984da60c372fe5a90c0296aa6d8bb413a8aa7543846da2,,,,,,"politics vol $51,380,018",,,,
2026-07-16T20:39:47.958318+00:00,scanner,paper,discovery,Will Chelsea Clinton win the 2028 Democratic presidential no,0xf2e51acfbb6d0414dc2ace81b7dc2af7c165e443dcb91f6caa7aab6d6ab4f06d,,,,,,"politics vol $49,929,258",,,,
2026-07-16T20:39:48.200572+00:00,scanner,paper,discovery,Will Andrew Yang win the 2028 Democratic presidential nomina,0x450810ae738a0ff820d3248f2b24937f63fb8c8cf422ed2a915125adb4d9d3c8,,,,,,"politics vol $48,055,659",,,,
2026-07-16T20:39:48.381830+00:00,scanner,paper,discovery,Will LeBron James win the 2028 Democratic presidential nomin,0x8b203037c7c0e21b500314f8398d2a8ea294b7ce1f4f9185f426425a3505bc45,,,,,,"politics vol $43,592,649",,,,
2026-07-16T20:39:48.550586+00:00,scanner,paper,discovery,Will Hunter Biden win the 2028 Democratic presidential nomin,0x1945a8b23e313ed7423b6b6fd556f9ab5578900376b565a61dc480a5f4f35d21,,,,,,"politics vol $43,562,327",,,,
2026-07-16T20:39:48.716957+00:00,scanner,paper,discovery,Will Tim Walz win the 2028 US Presidential Election?,0xae70ab9bf1c3726fe430a2ba8b517697ae24e0f0ab554b876a5b521153068882,,,,,,"politics vol $43,458,004",,,,
2026-07-16T20:39:48.890559+00:00,scanner,paper,discovery,Will bitcoin hit $1m before GTA VI?,0xbb57ccf5853a85487bc3d83d04d669310d28c6c810758953b9d9b91d1aee89d2,,,,,,"crypto vol $4,671,517",,,,
2026-07-16T20:39:58.774416+00:00,copytrade,paper,skip_harga,Exact Score: Spain 2 - 3 Argentina?,0x53da62774d757d6a651c69a1aca70f7765ed6b840bd1f4b209692f8d6c0c2d4e,No,0.9715,,,,harga 0.9715 > maxprice 0.85 (favorit),2026-07-19,,,
2026-07-16T20:39:58.948412+00:00,copytrade,paper,skip_harga,Exact Score: France 0 - 0 England?,0x36e9b49e503941d32a0d2b28700efe4b82e9e5f6211c6d95fea89f9a214ec72e,No,0.9625,,,,harga 0.9625 > maxprice 0.85 (favorit),2026-07-18,,,
2026-07-16T20:39:59.126203+00:00,copytrade,paper,skip_harga,Exact Score: Spain 3 - 3 Argentina?,0x417b5575a44e401c7eb3748c42ae79e3a797e1f20926bbf369ec33f73a61c145,No,0.9895,,,,harga 0.9895 > maxprice 0.85 (favorit),2026-07-19,,,
2026-07-16T20:39:59.342944+00:00,copytrade,paper,skip_harga,Exact Score: Spain 3 - 0 Argentina?,0xbdef8b9cd2d2fa77ded61c7944faa2104e69dcf544cc3eadddf2e1088aad3551,No,0.9685,,,,harga 0.9685 > maxprice 0.85 (favorit),2026-07-19,,,
2026-07-16T20:39:59.509061+00:00,copytrade,paper,ikut,Spread: Spain (-1.5),0x392b0b5b48989e2208978535ce82ed77ceaea60a3e906ffe201c129a6621f2bb,Argentina,0.795,2.5,8.66,,1 trader · dry_run [agresif],2026-07-19,,,
2026-07-16T20:40:00.130338+00:00,copytrade,paper,ikut,Spain vs. Argentina: O/U 2.5,0x750f495779adfc70a508af943bedb6e4759c9daaf067fd794f053d7e4505c717,Over,0.425,2.5,8.66,,1 trader · dry_run [agresif],2026-07-19,,,
2026-07-16T20:40:00.766229+00:00,copytrade,paper,ikut,France vs. England: O/U 6.5,0xcf2f9e5fac1bf6f59012958743f1f25769ee880d4e4134e79fd7dd2c850a8522,Over,0.055,2.5,8.66,,1 trader · dry_run [agresif],2026-07-18,,,
2026-07-16T20:40:01.367519+00:00,copytrade,paper,ikut,Exact Score: France 3 - 3 England?,0x583ee771f325860986d0d7be18f62fae0e6748bffa5f56dba63a17427b7cadd1,Yes,0.0254,2.5,8.66,,1 trader · dry_run [agresif],2026-07-18,,,
2026-07-16T20:40:01.989046+00:00,copytrade,paper,ikut,Will France win on 2026-07-18?,0xc41f543ccb7a1a35a200c28096cc2e5c2351c54546087f4f6cf5c4ef3e0c1aa5,Yes,0.495,2.5,8.66,,1 trader · dry_run [agresif],2026-07-18,,,
2026-07-16T20:40:02.591163+00:00,copytrade,paper,ikut,France vs. England: O/U 2.5,0xe479113b196827bef3a900e90c63eaac8be015f96c12754593324a94e6f5406c,Under,0.325,2.5,8.66,,1 trader · dry_run [agresif],2026-07-18,,,
2026-07-16T20:40:03.190879+00:00,copytrade,paper,ikut,France vs. England: O/U 3.5,0x8ee99ee9a4b5e2c9ef24d5eadd17890a8961f1bfd9a3f3f321d40cf0f617efc6,Over,0.455,2.5,8.66,,1 trader · dry_run [agresif],2026-07-18,,,
2026-07-16T20:40:03.796521+00:00,copytrade,paper,skip_harga,Exact Score: Spain 1 - 2 Argentina?,0xea3a43cfe43b5bf81aa736f0d6204f0f2b298425df4612a6ab21ed513b0d42ae,No,0.935,,,,harga 0.935 > maxprice 0.85 (favorit),2026-07-19,,,
2026-07-16T20:40:03.957399+00:00,copytrade,paper,skip_harga,Exact Score: Spain 0 - 3 Argentina?,0x64ae6964dd1a8d4f46f669095e83008f208e84e29014ab042156c084de7103b5,No,0.9875,,,,harga 0.9875 > maxprice 0.85 (favorit),2026-07-19,,,
2026-07-16T20:40:04.124819+00:00,copytrade,paper,ikut,Will Spain win on 2026-07-19?,0xdfbaae9f7587b11691c676d942f22b4ea9a9e3a68f7ca1d5d6bd4a1c967db23b,Yes,0.415,2.5,8.66,,1 trader · dry_run [agresif],2026-07-19,,,
2026-07-16T20:40:04.752848+00:00,copytrade,paper,skip_harga,Exact Score: France 1 - 1 England?,0x93b49c1683f4c78e11ce341fb8cde70eb104419da5d3ec536e5f8faa810cd1b0,No,0.895,,,,harga 0.895 > maxprice 0.85 (favorit),2026-07-18,,,
2026-07-16T20:40:04.926876+00:00,copytrade,paper,skip_harga,Exact Score: France 1 - 3 England?,0x4881047421af62ded957705ebeda847f8079dcc1bf3985ee58d5b34909557fcb,No,0.9715,,,,harga 0.9715 > maxprice 0.85 (favorit),2026-07-18,,,
2026-07-16T20:40:05.098180+00:00,copytrade,paper,skip_harga,Exact Score: Spain 3 - 2 Argentina?,0xff981ecb337160d0feba8f71c6f346fc64830d1e0c5ba5476657faff322013aa,No,0.9765,,,,harga 0.9765 > maxprice 0.85 (favorit),2026-07-19,,,
2026-07-16T20:40:05.261329+00:00,copytrade,paper,ikut,France vs. England: Both Teams to Score,0x0fda0800bc4e6b9e17ef98cd2ae6eb7e50940b725195ab8552a74aeb88f9dd73,No,0.315,2.5,8.66,,1 trader · dry_run [agresif],2026-07-18,,,
2026-07-16T20:40:05.874789+00:00,copytrade,paper,ikut,Croatia Open: Alex Molcan vs Alejandro Davidovich Fokina,0xf5c66fd82a354ed384f53b3258c23badf7f754abbabd18e07c9e356a6f852b73,Alejandro Davidovich Fokina,0.735,2.5,8.66,,1 trader · dry_run [agresif],2026-07-23,,,
2026-07-16T20:40:06.478530+00:00,copytrade,paper,ikut,Will England win on 2026-07-18?,0xaf767784230a131d5c4dc31e6b3cc4b4e898e03af20a75d5935a75100a76a46f,No,0.755,2.5,8.66,,1 trader · dry_run [agresif],2026-07-18,,,
2026-07-16T20:40:07.105174+00:00,copytrade,paper,ikut,Spain vs. Argentina: O/U 1.5,0x8c700112c536c54f2630f7ef6c2af7fda72c122fc7d26aa446f9d5f3ac156b10,Over,0.6949,2.5,8.66,,1 trader · dry_run [agresif],2026-07-19,,,
2026-07-16T20:40:07.686592+00:00,copytrade,paper,skip_harga,Exact Score: France 0 - 2 England?,0xb7667cad3d234d3e62c1683a64c47ae7bdd1e01ff2f553f60f5f729541d3ca24,No,0.9735,,,,harga 0.9735 > maxprice 0.85 (favorit),2026-07-18,,,
2026-07-16T20:40:07.854161+00:00,copytrade,paper,skip_harga,Rome: Danka Kovinic vs Julia Riera,0x4220a18459ff4cc9a189c305766a4fa4ca291751facacf0954c940e0f2c01918,Julia Riera,0.9995,,,,harga 0.9995 > maxprice 0.85 (favorit),2026-07-22,,,
2026-07-16T20:40:08.015657+00:00,copytrade,paper,skip_harga,Exact Score: France 0 - 1 England?,0xacbc73aad8891543634928c34478fccc8beb3450b155a7cd062cd3b253e86bb8,No,0.9605,,,,harga 0.9605 > maxprice 0.85 (favorit),2026-07-18,,,
2026-07-16T20:40:08.177514+00:00,copytrade,paper,skip_harga,Will FK Dynamo Kyiv win on 2026-07-16?,0x38eb8eb08098a20a3e4dbeaf50ebdb1b3e3421afe68a80fac70e9cce70e1226b,No,0.9995,,,,harga 0.9995 > maxprice 0.85 (favorit),2026-07-16,,,
2026-07-16T20:40:08.349521+00:00,copytrade,paper,ikut,Spain vs. Argentina: O/U 4.5,0xb1876c5b40e321d4efbd20415eb84c4c72b501894c6449cf609236c1401463e6,Over,0.105,2.5,8.66,,1 trader · dry_run [agresif],2026-07-19,,,
2026-07-16T20:40:08.955462+00:00,copytrade,paper,skip_harga,Will FK Vojvodina Novi Sad win on 2026-07-16?,0x674eaf57b313b64ff8a01507c0abb6f818bfec97cce9cb97404fc7b2eabeb03b,No,0.9995,,,,harga 0.9995 > maxprice 0.85 (favorit),2026-07-16,,,
2026-07-16T20:40:09.130976+00:00,copytrade,paper,ikut,France vs. England: O/U 7.5,0x21bae7ea3a10b2b32e52ff642dd0887eecba0876c46a35b8f9b01fb874bc5d25,Over,0.0195,2.5,8.66,,1 trader · dry_run [agresif],2026-07-18,,,
2026-07-16T20:40:09.743522+00:00,copytrade,paper,skip_harga,Exact Score: Spain 1 - 3 Argentina?,0xf78d5935333608eb1ce0def7f06754a385c5aeee0629eed29f04c7f58d8bde8e,No,0.9785,,,,harga 0.9785 > maxprice 0.85 (favorit),2026-07-19,,,
2026-07-16T20:40:09.902685+00:00,copytrade,paper,skip_harga,Exact Score: Spain 0 - 2 Argentina?,0x8e1a6b6f9110e76031a84edee45491faa7c1965333f0baf6261eaff4c1ef75f0,No,0.9595,,,,harga 0.9595 > maxprice 0.85 (favorit),2026-07-19,,,
2026-07-16T20:40:10.071301+00:00,copytrade,paper,skip_harga,Spread: FC Universitatea Cluj (-2.5),0x126a335b95762332060879e7453a59be180ed92a652be5db93f6876fd0a82cc8,FK Dynamo Kyiv,0.9995,,,,harga 0.9995 > maxprice 0.85 (favorit),2026-07-16,,,
2026-07-16T20:40:10.242006+00:00,copytrade,paper,ikut,Swiss Open: Alexander Bublik vs Quentin Halys,0xc0335c9816ab0bf9b4d493f9fb9f2c31c625181a0d33a3fcd66f329b6952c731,Alexander Bublik,0.6735,2.5,8.66,,1 trader · dry_run [agresif],2026-07-22,,,
2026-07-16T20:40:10.841944+00:00,copytrade,paper,skip_harga,Spread: Argentina (-1.5),0x687967971d8bc035d66477c435778fa200ede4ce4b028521fd58b2be8bf3f723,Spain,0.915,,,,harga 0.915 > maxprice 0.85 (favorit),2026-07-19,,,
2026-07-16T20:40:11.029076+00:00,copytrade,paper,ikut,Spread: England (-2.5),0x7e4ea766b8c981d82118718bb289a69818bc35bb7fb75506fe507f32613dd3cc,England,0.033,2.5,8.66,,1 trader · dry_run [agresif],2026-07-18,,,
2026-07-16T20:40:11.625033+00:00,copytrade,paper,ikut,Spain vs. Argentina: Both Teams to Score,0xca43f17c1430f97d804b6f49c6084fe67a8e07d16dbcb0bf0314d679f65e8016,No,0.495,2.5,8.66,,1 trader · dry_run [agresif],2026-07-19,,,
2026-07-16T20:40:12.233761+00:00,copytrade,paper,ikut,KF Shkëndija 79 vs. Europa FC: O/U 0.5,0xe8e9cd917645841f5eaf4a7abcb149964336bcc558063fddc27b8e960a0ac6f7,Under,0.0005,2.5,8.66,,1 trader · dry_run [agresif],2026-07-16,,,
2026-07-16T20:40:12.843645+00:00,copytrade,paper,ikut,Will CF Montréal win on 2026-07-16?,0x2aeeef0f4101cb3a5a907bf0ac76a5c2fab071e1f0b2face0018a90d0a9e8772,Yes,0.405,2.5,8.66,,1 trader · dry_run [agresif],2026-07-16,,,
2026-07-16T20:40:13.439887+00:00,copytrade,paper,skip_harga,FC Universitatea Cluj vs. FK Dynamo Kyiv: O/U 1.5,0xee479435a885d542b002b8ae1422edc3cd8693e03de875f2463425ae2e93a8a3,Under,0.9995,,,,harga 0.9995 > maxprice 0.85 (favorit),2026-07-16,,,
2026-07-16T20:40:13.638705+00:00,copytrade,paper,skip_harga,Will FC Universitatea Cluj win on 2026-07-16?,0x7c1deea8753d00ce85acf78452891ca1e1557321aa405b31a2819d1b8ce8b14c,No,0.9995,,,,harga 0.9995 > maxprice 0.85 (favorit),2026-07-16,,,
2026-07-16T20:40:13.803246+00:00,copytrade,paper,skip_harga,NK Aluminij vs. FC Sheriff Tiraspol: O/U 1.5,0xdb5a75809f8e05bcb9f82466dca1628fc15535a950515a4420922cec1db53efe,Under,0.9995,,,,harga 0.9995 > maxprice 0.85 (favorit),2026-07-16,,,
2026-07-16T20:40:13.990878+00:00,copytrade,paper,skip_harga,Spread: Europa FC (-2.5),0xc51a342e6edf71bf4d95a184e26bb805a16d08ce78e74ccfdc1e97484f1d340f,KF Shkëndija 79,0.9995,,,,harga 0.9995 > maxprice 0.85 (favorit),2026-07-16,,,
2026-07-16T20:40:14.166359+00:00,copytrade,paper,skip_harga,FC Universitatea Cluj vs. FK Dynamo Kyiv: O/U 2.5,0x3eead335f17d40ba299742eb80fc6945a4875c16be9289c1179c7ca797ae3eca,Under,0.9995,,,,harga 0.9995 > maxprice 0.85 (favorit),2026-07-16,,,
2026-07-16T20:40:14.327813+00:00,copytrade,paper,skip_harga,NK Aluminij vs. FC Sheriff Tiraspol: O/U 2.5,0x94e224ef2331a39cc3bff1840ae1d9e1656e781f1c3538b6549ed0bd00e80475,Under,0.9995,,,,harga 0.9995 > maxprice 0.85 (favorit),2026-07-16,,,
2026-07-16T20:40:14.535461+00:00,copytrade,paper,ikut,Spread: France (-3.5),0xaa207ccdf9f47df4ff3ce785e6fa1c8b6eb08624197dbebf82c4ab7b26734e25,France,0.0495,2.5,8.66,,1 trader · dry_run [agresif],2026-07-18,,,
2026-07-16T20:40:15.150829+00:00,copytrade,paper,ikut,Will Vancouver Whitecaps FC win on 2026-07-16?,0xd73b81755d573d5abb591ab049ef6a5c535833296e8b1d3573558b6d12d686fe,Yes,0.375,2.5,8.66,,1 trader · dry_run [agresif],2026-07-17,,,
2026-07-16T20:40:15.748861+00:00,copytrade,paper,skip_harga,Will Vålerenga Fotball vs. Aalesunds FK end in a draw?,0x760b3817fac6b8f3fe81860f10805a6bd08bb2489d1973dc482c0083b5c0b8d3,No,0.9995,,,,harga 0.9995 > maxprice 0.85 (favorit),2026-07-16,,,
2026-07-16T20:40:15.935645+00:00,copytrade,paper,skip_harga,Exact Score: France 0 - 3 England?,0x837151e1da6d73bcdba4e39a46748e03f08a8cf5dee5018ae500166c744e979a,No,0.9865,,,,harga 0.9865 > maxprice 0.85 (favorit),2026-07-18,,,
2026-07-16T20:40:16.099919+00:00,copytrade,paper,skip_harga,Spread: Ferencvárosi TC (-1.5),0x8701ec57f477017d3eb8cd4e9009b72a2d0f5d786f93c78706535991f95c94a0,Ferencvárosi TC,0.9995,,,,harga 0.9995 > maxprice 0.85 (favorit),2026-07-16,,,
2026-07-16T20:40:16.262436+00:00,copytrade,paper,ikut,Spread: Ferencvárosi TC (-2.5),0x38086205d357384c8e15793ef8ce59debbcac56971025067d67437c360b366d5,FK Vojvodina Novi Sad,0.0005,2.5,8.66,,1 trader · dry_run [agresif],2026-07-16,,,
2026-07-16T20:40:16.859518+00:00,copytrade,paper,skip_harga,Spread: Spain (-2.5),0x562959ccec9b871d9e12d461740376e0ce3729b8ffd7d68f845121a2671e777e,Argentina,0.935,,,,harga 0.935 > maxprice 0.85 (favorit),2026-07-19,,,
2026-07-16T20:40:17.035786+00:00,copytrade,paper,ikut,Will MŠK Žilina vs. HNK Hajduk Split end in a draw?,0xfe2b9faf9d4dbf4f4ec914023cc0948e245cdc79314e1241fc806bd20677a284,Yes,0.0005,2.5,8.66,,1 trader · dry_run [agresif],2026-07-16,,,
2026-07-16T20:40:17.639799+00:00,copytrade,paper,ikut,Spain vs. Argentina: 1st Half O/U 0.5,0x97fbdb8fbd59a631f1d9fe12aaeb5bea690292c2805fd5c3622f4a3b95f745af,Under,0.37,2.5,8.66,,1 trader · dry_run [agresif],2026-07-19,,,
2026-07-16T20:40:18.256881+00:00,copytrade,paper,skip_harga,Exact Score: FC Universitatea Cluj 2 - 2 FK Dynamo Kyiv?,0x0da8ef92fe876cfff2b6ab92b2bb94535413e33abc590b3d3bc786400e3f8ec6,No,0.9945,,,,harga 0.9945 > maxprice 0.85 (favorit),2026-07-16,,,
2026-07-16T20:40:18.424601+00:00,copytrade,paper,skip_harga,Spread: Argentina (-2.5),0xf2ea6234d6afa9bf54b16df2c011608f6e7d06f2bd3a2263b1001d4ce7bbf398,Spain,0.9765,,,,harga 0.9765 > maxprice 0.85 (favorit),2026-07-19,,,
2026-07-16T20:40:18.613760+00:00,copytrade,paper,skip_harga,Spread: NSÍ Runavík (-1.5),0x673c72c17e3734556b478cac9e096ad0026f856c169bea6b70f297e2130285cf,Ħamrun Spartans FC,0.9995,,,,harga 0.9995 > maxprice 0.85 (favorit),2026-07-16,,,
2026-07-16T20:40:18.807482+00:00,copytrade,paper,skip_harga,Spread: FK Vojvodina Novi Sad (-2.5),0x8826b24439a0f67489b1828e62d9ce6d1b47a77ca454f759547eb6d4fe0c9825,Ferencvárosi TC,0.9995,,,,harga 0.9995 > maxprice 0.85 (favorit),2026-07-16,,,
2026-07-16T20:40:18.980135+00:00,copytrade,paper,skip_harga,Spread: Ħamrun Spartans FC (-2.5),0x53c5de4cdb4cd4fdefadae104f62aa3e62f452c613ea377d8051ec8295310434,NSÍ Runavík,0.9995,,,,harga 0.9995 > maxprice 0.85 (favorit),2026-07-16,,,
2026-07-16T20:40:19.156219+00:00,copytrade,paper,skip_harga,Spread: Nõmme Kalju FC (-2.5),0x83f19f9f766ba3425b2e82edb59633cddc678a59e34bb469ecfd7eb6e1c738d8,Linfield FC,0.9995,,,,harga 0.9995 > maxprice 0.85 (favorit),2026-07-16,,,
2026-07-16T20:40:19.314954+00:00,copytrade,paper,skip_harga,Will FC Sheriff Tiraspol win on 2026-07-16?,0xa28149f5c5b45378754b7ed4ddac9dc76aa1092f5e2810dfa02006b81430e3fd,Yes,0.9995,,,,harga 0.9995 > maxprice 0.85 (favorit),2026-07-16,,,
2026-07-16T20:40:19.476516+00:00,copytrade,paper,skip_harga,Spread: Atlétic Club d'Escaldes (-2.5),0xb212fb27f2c9b6833a5944de345aa41a7efde3cb2b79180484c86fdab599da8a,FK Mornar Bar,0.9995,,,,harga 0.9995 > maxprice 0.85 (favorit),2026-07-16,,,
2026-07-16T20:40:19.641226+00:00,copytrade,paper,skip_harga,Spread: FK Dynamo Kyiv (-1.5),0x1522a82df43256985ce984cb4095dd08852e710b03c42215d8bda7863b0fc621,FC Universitatea Cluj,0.9995,,,,harga 0.9995 > maxprice 0.85 (favorit),2026-07-16,,,
2026-07-16T20:40:19.809944+00:00,copytrade,paper,ikut,Will FC Milsami Orhei vs. FK Velež Mostar end in a draw?,0x5f5cabe5fb71cfef93974fae859f2d5aa2c7838dd08472759b5eca565a5eb5eb,Yes,0.0005,2.5,8.66,,1 trader · dry_run [agresif],2026-07-16,,,
2026-07-16T20:40:23.304352+00:00,copytrade,paper,hasil,Swedish Open: Alejandro Tabilo vs Lautaro Midon,0x9c712a005ed476ee44ee1065daf053f6c9fe2d89c263394805b16736b2b72103,Alejandro Tabilo,0.745,2.5,4.44,,MENANG,,true,true,0.86
2026-07-16T20:40:24.728786+00:00,copytrade,paper,hasil,Iasi Open: Alevtina Ibragimova vs Paula Badosa,0x1d88092b2e151927cc5fc6a02ae3f84fb0551d2b44c6c5c961bd530d53638f9a,Paula Badosa,0.845,2.5,4.44,,MENANG,,true,true,0.46
